{
  "heading": "Find best PG at your place in seconds",
  "FrequentlyAskedQuestions":"Frequently Asked Questions",
  "DummyLogo":"Dummy Logo",
  "Callustoknowmore":" Call us to know more",
  "Bedroom":"Bedroom",
  "kitchen":"kitchen",
  "Washroom":"Washroom",
  "AbouttheProperty":"About the Property",
  "PropertyType":"Property Type",
  "No.offloors":"No.of floors",
  "LiftFacility":"Lift Facility",
  "ParkingFacility":"Parking Facility",
  "CommonKitchen":"Common Kitchen",
  "SeparateCupboardsineachroom":"Separate Cupboards in each room",
  "LaundaryService":"Laundary Service",
  "PropertyCaretaker":"Property Caretaker",
  "HouseKeepinginBedroom":"House Keeping in Bedroom",
  "HouseKeepingincommonarea":"House Keeping in common area",
  "AdminLogin":"AdminLogin",
  "Owner":"Owner",
  "Calender":"Calender",
  "Occupancy":"Occupancy",
  "RoomInformationForDailyPackages":"Room Information For Daily Packages",
  "DateSchedule":"Date Schedule",
  "Gender":"Gender",
  "Amenties":"Amenties",
  "Abouttheproperty":"About the property",
  "RoomImage":"Room Image",
  "RoomInformation":"Room Information",
  "Date Schedule":"Date Schedule",
  "OyoLife":"Oyo Life",
  "Others":"Others",
  "Brokerage":"Brokerage",
  "Only1monthSecurityDeposit":"Only 1 month Security Deposit",
  "Regular Housekeeping":"Regular Housekeeping",
  "Furnishedwithamenities":"Furnished with amenities",
  "FreeWi-Fi":"Free Wi-Fi",
  "HassleFreeMove-in":"Hassle Free Move-in",
  "OYOLIFEAppenabledStay":"OYO LIFE App enabled Stay",
  "On-call Stay Supervisor":"On-call Stay Supervisor",
  "Comparison":"Comparison",
  "Download App":"Download App",
  " livethegoodlife!":" live the good life!",
  "Amenities:":"Amenities:",
  "Wifi":"Wifi",
  "RO":"RO",
  "DTH":"DTH",
  "Washing Machine":"Washing Machine",
  "LimitedPowerBackup":"Limited Power Backup",
  "CCTV":"CCTV",
  "TV":"TV",
  "Refrigerator":"Refrigerator",
  "AC":"AC",
  "LivingtheLoremIpsum":"Living the Lorem Ipsum",
  "LivingtheLoremIpsumlifesimply":"Living the Lorem Ipsum life simply",
  "Comfort&Convenience":"Comfort & Convenience",
  "Safety&Security":"Safety & Security",
  "Proximitytoworkspace":"Proximity to workspace",
  "Pocket-friendly":"Pocket-friendly",
  "SafeandSanitisedstays!":"Safe and Sanitised stays!",
  "MinimalTouchPolicy":"Minimal Touch Policy",
  "Precaution First":"Precaution First",
  "Regularly Sanitised":"Regularly Sanitised",
  "Digitally Empowered":"Digitally Empowered",
  "Loremipsum":"Lorem ipsum",
  "FindOYOLIFEin":"Find OYO LIFE in",
  "OYOLIFE":"OYO LIFE",
  "AboutUs":"About Us",
  "Team":"Team",
  "Workwithus":"Work with us",
  "PressKit":"Press Kit",
  "PrivacyPolicy":"Privacy Policy",
  "GuestPolicies":"Guest Policies",
  "Blog":"Blog",
  "ReportConcerns":"Report Concerns",
  "FAQs":"FAQs",
  "PartnerwithUs":"Partner with Us",
  "Partner Policies":"Partner Policies",
  "Verification":"Verification",
  "VerifyOtp":"Verify Otp",
  "Registrationpage":"Registration page",
  " Pricing":" Pricing",
  "SeeAdditionalCharges":"See Additional Charges",
  "MonthlyRent":"Monthly Rent",
  "Price":"Price",
  "Showing20housesoutof50houses":"Showing 20 houses out of 50 houses",
  "PatelNagar":"Patel Nagar",
  "0.93kms":"0.93 kms",
  "ShowonMap":"Show on Map",
  "chandigarh":"chandigarh",
  "Patel Nagar":"Patel Nagar",
  "Wishlist":"Wishlist",
  "ChooseaDateandTime":"Choose a Date and Time"
  


  

  

  

}
