companyName,opportunityName,opportunityCategory,opportunityDescription,opportunityPrizeMoney,opportunityURL,opportunityDeadline
Eli Lilly,Transforming Atopic Dermatitis Care: Enhancing Quality of Life and Patient Care for People Living with Inflammatory Skin Diseases,healthcare,leveraging digital technologies to enhance care and improve health and well-being for people with inflammatory skin diseases,"50,000",https://challenge.healthis.io/,10/21/20
Suntory Beverage & Food,Immune System Boost or Slimming with Natural Ingredient for Beverage Application,food & beverage,"Suntory is seeking ingredient and academic partners relevant to ""Gut Health"" study, focusing on immune system boost or slimming.

However dietary fiber and bacteria (live/killed) are excluded for this project.",other prizes,https://suntory-beverage-and-food.yet2.com/res/innovation-portal/need.jsf?needID=163110,
Suntory Beverage & Food,Energy Management Solutions for Ready-to-Drink (RTD) Beverage,food & beverage,Suntory seeks to identify technologies and ingredients for beverage applications that help consumers with their energy management throughout the day.,other prizes,https://suntory-beverage-and-food.yet2.com/res/innovation-portal/need.jsf?needID=185111,
Suntory Beverage & Food,Beyond Ready-To-Drink,food & beverage,"Introducing the new Suntory Beyond Ready-To-Drink challenge, novel concentrate finished product forms and technologies are sought for consumer use to create great tasting drinks by adding such formats to water. Formats may include pods, tablets, powders, and cubes.

Suntory is committed to a Growing for Good and reducing the environmental impacts of its business. A key area within the Growing for Good is to reduce the use of virgin plastics especially PET, and we are seeking external technology providers, partners, and experts with novel technologies and solutions which can be used to provide consumers with great tasting drinks through new formats and delivery systems which can eliminate or reduce plastic.",other prizes,https://suntory-beverage-and-food.yet2.com/res/innovation-portal/need.jsf?needID=201724,
Suntory Beverage & Food,Personalized and Proactive Health Optimization,food & beverage,Suntory seeks to help consumers manage their energy needs throughout the day based on their personal requirements and in harmony with the individual's health needs.,other prizes,https://suntory-beverage-and-food.yet2.com/res/innovation-portal/need.jsf?needID=202622,
UK Government,ADMIRALTY Marine Innovation Programme - Autonomous Navigation Challenge,"government,transportation","identify, trial and prove how navigational data can be used to support the safe navigation of Marine Autonomous Surface Ships. ",200000,https://www.admiralty.co.uk/innovation-programme,10/7/20
Vallourec,Reducing Carbon Footprint,energy,"Reducing CO2 emissions is a key target in all industrial sectors. In Oil & Gas, in July 2020, OGCI members agreed to reduce the carbon intensity of their operations by 2025 to between 20 and 21 kg of CO2 per barrel of oil, from a baseline of 23 kg in 2017.

Vallourec has long been committed to reducing the CO2 emissions of its own processes. And Vallourec already offers low-emission solutions to its customers and is developing new ones.

The development of new technologies such as digital, IoT, acoustic, nanotechnologies as well as non-destructive testing are paving the way for further opportunities to add extra features to Vallourec products and services and, thus, reduce our customers’ CO2 footprint.

In this context, Vallourec would like to identify new solutions by selecting and working with innovative start-ups, laboratories and companies to enhance its products and contribute to reducing its customers’ carbon emissions. Along the entire value chain, from cradle to grave.",other prizes,https://openinnovationplatform.vallourec.com/,10/13/20
